{"cameraMode":{"drawMode":0,"name":"Shaded","section":"Shading Mode"},"sceneLighting":true,"audioPlay":false,"sceneViewState":{"showFog":true,"showMaterialUpdate":false,"showSkybox":true,"showFlares":true,"showImageEffects":true,"showParticleSystems":true},"in2DMode":false,"pivot":{"x":20.00823974609375,"y":37.84587478637695,"z":8.885494232177735},"rotation":{"x":-0.04456736147403717,"y":-0.17826084792613984,"z":0.008081569336354733,"w":-0.9829481840133667},"size":133.14283752441407,"orthographic":false}