{"cameraMode":{"drawMode":0,"name":"Shaded","section":"Shading Mode"},"sceneLighting":false,"audioPlay":false,"sceneViewState":{"showFog":false,"showMaterialUpdate":false,"showSkybox":false,"showFlares":false,"showImageEffects":false,"showParticleSystems":false},"in2DMode":false,"pivot":{"x":-0.3022739887237549,"y":0.19084146618843079,"z":-0.039175987243652347},"rotation":{"x":-0.08741225302219391,"y":-0.5692751407623291,"z":0.061029575765132907,"w":-0.8152210712432861},"size":2.4272994995117189,"orthographic":false}