{"cameraMode":{"drawMode":0,"name":"Shaded","section":"Shading Mode"},"sceneLighting":false,"audioPlay":false,"sceneViewState":{"showFog":false,"showMaterialUpdate":false,"showSkybox":false,"showFlares":false,"showImageEffects":false,"showParticleSystems":false},"in2DMode":false,"pivot":{"x":1.4901161193847657e-8,"y":3.725290298461914e-9,"z":0.9200522303581238},"rotation":{"x":-0.02363279089331627,"y":-0.8145409226417542,"z":0.03325747326016426,"w":-0.5786938667297363},"size":3.091181516647339,"orthographic":false}