{"cameraMode":{"drawMode":0,"name":"Shaded","section":"Shading Mode"},"sceneLighting":false,"audioPlay":false,"sceneViewState":{"showFog":false,"showMaterialUpdate":false,"showSkybox":false,"showFlares":false,"showImageEffects":false,"showParticleSystems":false},"in2DMode":false,"pivot":{"x":-11.342023849487305,"y":0.7257239818572998,"z":-16.936351776123048},"rotation":{"x":0.060266703367233279,"y":-0.015605837106704712,"z":0.0009752624901011586,"w":0.9980883598327637},"size":1.5400229692459107,"orthographic":false}