{"cameraMode":{"drawMode":0,"name":"Shaded","section":"Shading Mode"},"sceneLighting":true,"audioPlay":false,"sceneViewState":{"showFog":true,"showMaterialUpdate":true,"showSkybox":true,"showFlares":true,"showImageEffects":true,"showParticleSystems":true},"in2DMode":false,"pivot":{"x":-0.0902974009513855,"y":3.335653305053711,"z":2.346484661102295},"rotation":{"x":0.025412365794181825,"y":-0.9492439031600952,"z":0.3033486306667328,"w":0.07960455864667893},"size":6.1461992263793949,"orthographic":false}