{"cameraMode":{"drawMode":0,"name":"Shaded","section":"Shading Mode"},"sceneLighting":false,"audioPlay":false,"sceneViewState":{"showFog":false,"showMaterialUpdate":false,"showSkybox":false,"showFlares":false,"showImageEffects":false,"showParticleSystems":false},"in2DMode":false,"pivot":{"x":-0.24781525135040284,"y":0.1388622522354126,"z":0.632757842540741},"rotation":{"x":-0.11990336328744888,"y":-0.836064875125885,"z":0.20221592485904694,"w":-0.4957307279109955},"size":1.0700368881225587,"orthographic":false}